date,ACWI
2016-02-07,42.3673
2016-02-14,41.5995
2016-02-21,42.9452
2016-02-28,43.3249
2016-03-06,45.0421
2016-03-13,45.7025
2016-03-20,46.2309
2016-03-27,45.5952
2016-04-03,46.2474
2016-04-10,45.8594
2016-04-17,46.9739
2016-04-24,47.4775
2016-05-01,46.8996
2016-05-08,46.2144
2016-05-15,45.9007
2016-05-22,46.1401
2016-05-29,47.172
2016-06-05,47.3371
2016-06-12,46.817
2016-06-19,46.3052
2016-06-26,45.4191
2016-07-03,47.1338
2016-07-10,47.2258
2016-07-17,48.2713
2016-07-24,48.4805
2016-07-31,48.8067
2016-08-07,48.882
2016-08-14,49.4507
2016-08-21,49.4926
2016-08-28,49.0409
2016-09-04,49.5344
2016-09-11,48.5808
2016-09-18,48.3717
2016-09-25,49.4591
2016-10-02,49.434
2016-10-09,49.1496
2016-10-16,48.5223
2016-10-23,48.882
2016-10-30,48.4721
2016-11-06,47.46
2016-11-13,48.447
2016-11-20,48.5306
2016-11-27,49.1747
2016-12-04,48.8401
2016-12-11,50.4461
2016-12-18,50.053
2016-12-25,50.1137
2017-01-01,49.9533
2017-01-08,50.9748
2017-01-15,51.245
2017-01-22,51.0677
2017-01-29,51.6587
2017-02-05,51.7937
2017-02-12,52.1145
2017-02-19,52.6971
2017-02-26,52.8321
2017-03-05,53.1361
2017-03-12,53.001
2017-03-19,53.6173
2017-03-26,53.2543
2017-04-02,53.4062
2017-04-09,53.2711
2017-04-16,52.8406
2017-04-23,53.2036
2017-04-30,54.2673
2017-05-07,54.8921
2017-05-14,54.8836
2017-05-21,55.0862
2017-05-28,55.5759
2017-06-04,56.2344
2017-06-11,55.9136
2017-06-18,55.9474
2017-06-25,55.9504
2017-07-02,55.9077
2017-07-09,55.7796
2017-07-16,56.9577
2017-07-23,57.2907
2017-07-30,57.3675
2017-08-06,57.6492
2017-08-13,56.6419
2017-08-20,56.6333
2017-08-27,57.2394
2017-09-03,57.8029
2017-09-10,57.7858
2017-09-17,58.537
2017-09-24,58.6395
2017-10-01,58.7505
2017-10-08,59.2456
2017-10-15,59.7578
2017-10-22,60.031
2017-10-29,59.92
2017-11-05,60.2615
2017-11-12,60.0822
2017-11-19,60.0822
2017-11-26,60.9103
2017-12-03,61.0725
2017-12-10,61.1322
2017-12-17,61.4396
2017-12-24,62.0387
2017-12-31,62.1163
2018-01-07,63.8741
2018-01-14,64.796
2018-01-21,65.4164
2018-01-28,66.8123
2018-02-04,64.1842
2018-02-11,60.8669
2018-02-18,63.65
2018-02-25,63.7534
2018-03-04,62.2197
2018-03-11,64.0464
2018-03-18,63.4605
2018-03-25,60.393
2018-04-01,61.7802
2018-04-08,61.022
2018-04-15,62.2283
2018-04-22,62.4351
2018-04-29,62.392
2018-05-06,62.2283
2018-05-13,63.4949
2018-05-20,63.0296
2018-05-27,62.8228
2018-06-03,62.9693
2018-06-10,63.719
2018-06-17,63.4432
2018-06-24,62.7467
2018-07-01,61.9626
2018-07-08,62.6247
2018-07-15,63.3043
2018-07-22,63.4176
2018-07-29,63.9055
2018-08-05,63.9229
2018-08-12,63.2956
2018-08-19,63.2172
2018-08-26,64.0274
2018-09-02,64.3062
2018-09-09,63.1126
2018-09-16,64.0187
2018-09-23,65.0729
2018-09-30,64.6983
2018-10-07,63.557
2018-10-14,61.1872
2018-10-21,61.0478
2018-10-28,58.7826
2018-11-04,60.6122
2018-11-11,61.1436
2018-11-18,60.6209
2018-11-25,58.7651
2018-12-02,60.8387
2018-12-09,58.4951
2018-12-16,58.0159
2018-12-23,54.7694
2018-12-30,56.1411
2019-01-06,57.205
2019-01-13,58.5767
2019-01-20,59.9923
2019-01-27,60.1154
2019-02-03,60.8803
2019-02-10,60.6957
2019-02-17,61.997
2019-02-24,62.6037
2019-03-03,62.7883
2019-03-10,61.4958
2019-03-17,63.3599
2019-03-24,62.7268
2019-03-31,63.439
2019-04-07,64.8282
2019-04-14,65.092
2019-04-21,65.1799
2019-04-28,65.391
2019-05-05,65.6987
2019-05-12,64.0809
2019-05-19,63.2983
2019-05-26,62.8587
2019-06-02,61.6277
2019-06-09,63.9666
2019-06-16,63.9929
2019-06-23,65.6538
2019-06-30,65.6271
2019-07-07,66.4106
2019-07-14,66.6421
2019-07-21,66.0812
2019-07-28,66.651
2019-08-04,64.5587
2019-08-11,64.0868
2019-08-18,63.4279
2019-08-25,62.7157
2019-09-01,64.2204
2019-09-08,65.5203
2019-09-15,66.4729
2019-09-22,66.0901
2019-09-29,65.3511
2019-10-06,65.0306
2019-10-13,65.8586
2019-10-20,66.2948
2019-10-27,67.1407
2019-11-03,68.1468
2019-11-10,68.7077
2019-11-17,68.9036
2019-11-24,68.6275
2019-12-01,69.0371
2019-12-08,69.3309
2019-12-15,70.2302
2019-12-22,71.0648
2019-12-29,71.6775
2020-01-05,71.5243
2020-01-12,72.101
2020-01-19,73.2633
2020-01-26,72.3262
2020-02-02,70.38
2020-02-09,72.4253
2020-02-16,73.3804
2020-02-23,72.4073
2020-03-01,65.1089
2020-03-08,65.0819
2020-03-15,57.6844
2020-03-22,49.8363
2020-03-29,55.5759
2020-04-05,54.0532
2020-04-12,59.6937
2020-04-19,61.0993
2020-04-26,60.2794
2020-05-03,60.2884
2020-05-10,62.4058
2020-05-17,61.0362
2020-05-24,62.8834
2020-05-31,65.0729
2020-06-07,68.8843
2020-06-14,65.9469
2020-06-21,66.9917
2020-06-28,65.7924
2020-07-05,68.1093
2020-07-12,69.445
2020-07-19,70.1991
2020-07-26,70.1083
2020-08-02,70.5717
2020-08-09,72.1072
2020-08-16,72.8523
2020-08-23,73.2521
2020-08-30,75.2783
2020-09-06,73.6428
2020-09-13,72.507
2020-09-20,72.5979
2020-09-27,71.4076
2020-10-04,72.6069
2020-10-11,75.251
2020-10-18,74.9148
2020-10-25,74.9057
2020-11-01,70.9987
2020-11-08,76.2595
2020-11-15,78.1404
2020-11-22,78.4584
2020-11-29,80.3301
2020-12-06,81.4841
2020-12-13,81.0116
2020-12-20,82.2092
2020-12-27,82.0352
2021-01-03,83.0699
2021-01-10,85.5606
2021-01-17,84.3977
2021-01-24,85.8627
2021-01-31,82.8135
2021-02-07,86.522
2021-02-14,88.216
2021-02-21,87.749
2021-02-28,84.709
2021-03-07,85.121
2021-03-14,87.1447
2021-03-21,86.7418
2021-03-28,87.2912
2021-04-04,88.2618
2021-04-11,89.9466
2021-04-18,91.2744
2021-04-25,91.1553
2021-05-02,90.8257
2021-05-09,92.1259
2021-05-16,90.725
2021-05-23,90.8532
2021-05-30,92.1626
2021-06-06,92.9317
2021-06-13,93.3123
2021-06-20,91.3663
2021-06-27,93.6811
2021-07-04,94.1423
2021-07-11,94.1423
2021-07-18,93.1186
2021-07-25,94.4466
2021-08-01,94.1699
2021-08-08,94.9446
2021-08-15,95.6916
2021-08-22,94.0869
2021-08-29,95.8945
2021-09-05,97.1027
2021-09-12,95.6179
2021-09-19,94.7694
2021-09-26,94.9446
2021-10-03,92.9249
2021-10-10,93.5613
2021-10-17,95.5717
2021-10-24,96.7522
2021-10-31,97.1211
2021-11-07,98.6981
2021-11-14,98.7442
2021-11-21,98.2923
2021-11-28,95.332
2021-12-05,94.3728
2021-12-12,97.4162
2021-12-19,95.7093
2021-12-26,97.8792
2022-01-02,98.5788
2022-01-09,97.1809
2022-01-16,97.358
2022-01-23,92.745
2022-01-30,92.1951
2022-02-06,94.0217
2022-02-13,92.8661
2022-02-20,91.841
2022-02-27,91.8596
2022-03-06,88.7004
2022-03-13,86.529
2022-03-20,92.1951
2022-03-27,93.1736
2022-04-03,93.593
2022-04-10,92.1858
2022-04-17,90.499
2022-04-24,87.9549
2022-05-01,85.4853
2022-05-08,84.4602
2022-05-15,83.0716
2022-05-22,81.9626
2022-05-29,86.2588
2022-06-05,85.5039
2022-06-12,81.5011
2022-06-19,77.0794
2022-06-26,81.2001
2022-07-03,79.4784
2022-07-10,80.391
2022-07-17,79.2338
2022-07-24,81.407
2022-07-31,84.5023
2022-08-07,84.5117
2022-08-14,87.1647
2022-08-21,85.396
2022-08-28,82.6959
2022-09-04,79.9206
2022-09-11,82.536
2022-09-18,79.0174
2022-09-25,75.0849
2022-10-02,73.2221
2022-10-09,74.3417
2022-10-16,72.9963
2022-10-23,76.0445
2022-10-30,78.3871
2022-11-06,77.4557
2022-11-13,82.4043
2022-11-20,81.7928
2022-11-27,83.0628
2022-12-04,84.4082
2022-12-11,82.1691
2022-12-18,80.5047
2022-12-25,80.6375
2023-01-01,80.4668
2023-01-08,82.543
2023-01-15,85.0267
2023-01-22,85.0078
2023-01-29,86.6194
2023-02-05,87.0839
2023-02-12,86.079
2023-02-19,85.9937
2023-02-26,83.5763
2023-03-05,85.5387
2023-03-12,81.8699
2023-03-19,82.069
2023-03-26,83.4815
2023-04-02,86.4203
2023-04-09,86.5151
2023-04-16,87.501
2023-04-23,87.3778
2023-04-30,87.776
2023-05-07,87.5105
2023-05-14,86.9322
2023-05-21,88.1362
2023-05-28,87.8423
2023-06-04,89.198
2023-06-11,89.6825
2023-06-18,92.0194
2023-06-25,89.9411
2023-07-02,91.8853
2023-07-09,90.7073
2023-07-16,93.5518
2023-07-23,93.8487
2023-07-30,95.0075
2023-08-06,92.5557
2023-08-13,92.0481
2023-08-20,89.7687
2023-08-27,90.487
2023-09-03,92.6802
2023-09-10,91.3011
2023-09-17,91.7704
2023-09-24,89.3186
2023-10-01,88.4662
2023-10-08,88.5715
2023-10-15,88.8493
2023-10-22,86.5794
2023-10-29,84.8459
2023-11-05,89.8262
2023-11-12,90.3242
2023-11-19,92.8526
2023-11-26,93.7433
2023-12-03,94.5766
2023-12-10,94.5382
2023-12-17,96.7027
2023-12-24,97.8385
2023-12-31,98.409
2024-01-07,96.7748
2024-01-14,98.0996
2024-01-21,98.3123
2024-01-28,99.4823
2024-02-04,100.3139
2024-02-11,101.542
2024-02-18,101.7161
2024-02-25,103.2439
2024-03-03,104.1238
2024-03-10,104.5009
2024-03-17,104.2592
2024-03-24,106.0965
2024-03-31,106.4929
2024-04-07,105.6226
2024-04-14,103.7854
2024-04-21,101.0875
2024-04-28,103.8337
2024-05-05,104.8491
2024-05-12,106.5413
2024-05-19,108.4559
2024-05-26,108.0111
2024-06-02,107.4115
2024-06-09,108.2818
2024-06-16,108.881
2024-06-23,109.3589
2024-06-30,109.6026
2024-07-07,111.8064
2024-07-14,113.2983
2024-07-21,110.6655
2024-07-28,109.9634
2024-08-04,107.3891
2024-08-11,107.7792
2024-08-18,111.9429
2024-08-25,113.9906
2024-09-01,114.0686
2024-09-08,109.5149
2024-09-15,113.3178
2024-09-22,114.8292
2024-09-29,116.5844
2024-10-06,116.5064
2024-10-13,117.1695
2024-10-20,117.6473
2024-10-27,115.8629
2024-11-03,114.5757
2024-11-10,118.2811
2024-11-17,115.6873
2024-11-24,117.4425
2024-12-01,118.7394
2024-12-08,120.0558
2024-12-15,119.0222
2024-12-22,116.197
2024-12-29,117.1021
2025-01-05,116.561
2025-01-12,114.4755
2025-01-19,117.6529
2025-01-26,120.0729
2025-02-02,119.2171
2025-02-09,119.3548
2025-02-16,121.6075
2025-02-23,120.1418
2025-03-02,118.8629
2025-03-09,117.5546
2025-03-16,115.5379
2025-03-23,116.0593
2025-03-30,114.3476
2025-04-06,104.2743
2025-04-13,109.2913
2025-04-20,109.5864
2025-04-27,114.2886
2025-05-04,117.466
2025-05-11,117.1906
2025-05-18,122.0207
2025-05-25,120.309
2025-06-01,121.637
2025-06-08,123.7127
2025-06-15,123.3487
2025-06-22,122.6576
2025-06-29,126.92
2025-07-06,128.6547
2025-07-13,128.0699
2025-07-20,128.625
2025-07-27,130.7264
2025-08-03,127.1976
2025-08-10,130.7066
2025-08-17,132.2133
2025-08-24,133.046
2025-08-31,132.2728
2025-09-07,132.8973
2025-09-14,135.1573
2025-09-21,136.555
2025-09-28,136.1387
2025-10-05,138.2798
2025-10-12,134.5229
2025-10-19,137.4174
2025-10-26,139.6279
2025-11-02,140.1731
2025-11-09,138.3194
2025-11-16,138.8547
2025-11-23,135.6431
2025-11-30,140.2326
2025-12-07,140.8571
2025-12-14,140.5299
2025-12-21,140.91
2025-12-28,142.9
2026-01-04,142.49
2026-01-11,144.75
2026-01-18,145.0
2026-01-25,145.16
2026-02-01,145.5
