date,GOOGL,TGT,NKE,V,GM
2016-02-07,34.922,51.6315,50.338,66.7,22.9577
2016-02-14,35.0773,52.3366,49.6776,65.6558,22.29
2016-02-21,35.8325,54.1098,52.2223,66.8203,23.1507
2016-02-28,35.969,58.6814,55.1191,67.9413,23.8345
2016-03-06,36.235,60.7015,54.0797,69.0343,25.2341
2016-03-13,36.9619,61.2552,53.038,66.9137,25.4585
2016-03-20,37.4849,61.8836,55.6069,68.9222,26.0286
2016-03-27,37.4567,61.3824,54.4239,69.2585,25.2142
2016-04-03,38.1926,61.9211,54.371,72.4813,24.8152
2016-04-10,37.6864,60.5144,52.4553,72.8923,23.9193
2016-04-17,38.7052,61.8013,52.5259,74.8074,24.8885
2016-04-24,36.6096,61.5993,52.4641,73.9012,26.2078
2016-05-01,35.1264,59.4819,52.0316,72.1544,25.8983
2016-05-08,35.9849,58.9133,51.5814,72.6028,25.2142
2016-05-15,35.9675,55.277,50.5926,71.9013,24.8559
2016-05-22,35.8127,51.757,49.8599,72.6875,24.8966
2016-05-29,37.0974,51.9379,49.6039,74.5498,25.5644
2016-06-05,36.5148,51.7495,47.3235,74.8118,24.1066
2016-06-12,36.3823,51.169,48.7932,75.0364,23.971
2016-06-19,34.9463,50.8826,47.5537,72.0511,24.1112
2016-06-26,34.001,52.2771,46.5621,70.2355,23.3853
2016-07-03,35.244,52.8048,49.2359,69.7021,23.8307
2016-07-10,35.6177,53.7546,50.2187,71.5176,24.4659
2016-07-17,36.5034,55.0587,51.2369,73.277,25.3815
2016-07-24,37.677,56.4759,50.2276,74.7838,26.5281
2016-07-31,39.2679,56.785,49.1385,73.0431,26.0167
2016-08-07,40.0415,56.491,49.4484,74.999,25.4063
2016-08-14,40.0474,57.1468,49.9797,74.8867,26.0414
2016-08-21,39.6802,53.2775,52.1488,75.4383,26.2559
2016-08-28,39.3612,53.4522,52.2374,75.532,26.0084
2016-09-04,39.5423,53.8017,51.5101,76.8726,26.5281
2016-09-11,39.1259,52.4265,49.1219,76.2445,25.4419
2016-09-18,39.5969,52.6013,48.9888,76.9382,25.8509
2016-09-25,40.4399,52.2517,48.9621,77.3788,26.8108
2016-10-02,39.8991,52.1834,46.7426,77.5288,26.5187
2016-10-09,39.7328,52.4569,45.9791,77.6976,26.9945
2016-10-16,39.9259,51.7503,45.8282,77.2944,26.6021
2016-10-23,40.8915,51.8414,45.9614,77.2007,26.744
2016-10-30,40.6682,52.2973,46.1833,77.0788,26.1431
2016-11-06,38.7597,50.5498,44.3544,75.3351,26.0095
2016-11-13,38.2958,54.212,45.0736,76.7601,28.3968
2016-11-20,38.5052,58.3708,45.3665,75.9225,27.5454
2016-11-27,38.7166,60.2248,45.7394,75.2743,28.5887
2016-12-04,37.934,59.7115,44.9575,71.1315,29.557
2016-12-11,40.1665,59.2901,46.0802,74.3443,31.777
2016-12-18,40.1859,58.7998,45.3674,73.6022,30.6885
2016-12-25,40.0846,56.3099,46.2494,73.4143,30.1147
2017-01-01,39.3229,55.3369,45.2872,73.2922,29.3975
2017-01-08,40.9486,54.7317,48.0313,77.2283,30.3679
2017-01-15,41.2329,53.774,47.1493,76.2513,31.507
2017-01-22,41.0954,49.1084,47.3988,76.8807,31.2285
2017-01-29,41.9321,48.8019,47.3899,78.6937,31.2285
2017-02-05,40.6965,48.8402,46.6504,80.8637,30.6547
2017-02-12,41.4269,50.3571,50.0894,80.6946,29.676
2017-02-19,42.0075,50.8697,50.5616,82.315,31.4057
2017-02-26,42.07,51.4264,51.5506,83.2279,31.1357
2017-03-05,42.133,44.3438,50.6744,83.5667,32.2579
2017-03-12,42.7446,42.8051,50.4331,84.4514,31.3935
2017-03-19,43.2887,41.9778,51.6575,84.9314,30.9673
2017-03-26,41.4413,41.0731,50.3706,83.9432,29.4586
2017-04-02,42.0695,42.6737,49.8075,83.642,30.1405
2017-04-09,41.7867,41.1659,49.2534,83.5197,28.734
2017-04-16,41.6914,41.2819,49.459,83.642,28.4613
2017-04-23,42.6228,42.3566,49.9148,85.7879,28.7681
2017-04-30,45.8765,43.184,49.5215,85.8538,29.5268
2017-05-07,47.1548,44.3206,48.2167,86.6726,28.7852
2017-05-14,47.3959,43.1453,48.4401,87.275,28.6573
2017-05-21,47.3716,43.7615,46.2683,87.1962,27.8902
2017-05-28,49.288,42.5188,47.0012,89.261,28.1885
2017-06-04,49.4295,43.3942,47.5127,90.6565,29.3648
2017-06-11,48.1393,44.4728,47.9432,89.1573,29.595
2017-06-18,47.5686,41.1197,45.8267,88.7896,29.5519
2017-06-25,48.9318,39.6738,47.3961,90.1191,29.4743
2017-07-02,46.1326,40.8696,52.9115,88.4219,30.1034
2017-07-09,46.6849,39.9161,51.9967,88.5539,30.112
2017-07-16,48.4762,41.6043,52.0147,91.3919,31.3272
2017-07-23,49.3163,42.8627,53.7634,93.9094,31.0859
2017-07-30,47.5542,43.8553,52.6155,93.4851,30.8274
2017-08-06,46.932,45.0043,53.593,95.1257,30.3964
2017-08-13,46.1529,43.4958,52.8846,94.3714,30.1034
2017-08-20,45.9589,43.9792,49.2794,96.8075,30.0172
2017-08-27,46.1733,43.4734,48.3378,97.6007,30.6808
2017-09-03,47.2396,44.4296,48.0166,98.1201,32.1977
2017-09-10,46.7146,45.2594,46.9728,98.6207,32.2157
2017-09-17,46.411,47.3853,48.4755,99.4423,33.8526
2017-09-24,46.8064,46.6187,47.9086,99.6878,34.3228
2017-10-01,48.3179,46.6345,46.6578,99.3856,35.1586
2017-10-08,49.3064,45.1409,47.1707,100.7927,39.1203
2017-10-15,50.0125,48.0886,45.8749,102.6153,39.9475
2017-10-22,49.8736,48.8078,47.7466,101.5671,39.7124
2017-10-29,51.2928,47.6224,50.3562,103.6069,38.8678
2017-11-05,52.1026,46.9111,50.1313,105.1651,36.8652
2017-11-12,51.8128,48.5233,50.4732,105.6562,37.1438
2017-11-19,51.4029,46.421,53.2628,103.893,38.2061
2017-11-26,52.4266,44.6166,53.3798,105.9269,38.7111
2017-12-03,50.866,47.5149,54.0637,104.7539,37.257
2017-12-10,52.0723,49.0,55.3457,106.5229,36.9174
2017-12-17,53.1948,49.99,58.4968,107.6771,35.9774
2017-12-24,53.039,52.2097,57.1425,106.6081,36.9174
2017-12-31,52.2718,52.0979,56.4743,107.8663,36.0125
2018-01-07,55.0948,53.1359,57.7654,112.4451,38.6658
2018-01-14,56.1051,61.3198,58.3884,113.6087,38.7185
2018-01-21,56.7427,62.3578,60.6817,116.0778,37.9102
2018-01-28,58.9291,61.4396,61.4311,119.5025,38.2089
2018-02-04,55.5369,58.2459,60.6907,114.3844,36.0213
2018-02-11,51.918,57.8466,59.1288,110.0422,36.4254
2018-02-18,54.3609,60.4416,61.6658,115.4717,36.1004
2018-02-25,55.9781,60.7224,61.5394,116.4951,35.9422
2018-03-04,53.7972,60.513,59.6705,114.4482,32.8848
2018-03-11,57.6032,56.7606,60.0418,117.9924,33.5789
2018-03-18,56.2922,57.1633,59.6886,118.0114,33.6676
2018-03-25,50.9395,54.659,58.5294,110.8756,31.2095
2018-04-01,51.465,55.9071,60.1686,113.3584,32.2478
2018-04-08,50.1157,58.2101,61.1738,111.5389,33.4369
2018-04-15,51.4104,57.59,60.9021,114.4293,34.3687
2018-04-22,53.4588,56.6237,59.8516,117.6987,33.3748
2018-04-29,51.1826,58.661,62.9941,119.4139,33.4103
2018-05-06,52.1527,57.2116,61.6719,121.4514,32.5761
2018-05-13,54.7519,56.5674,61.9707,124.9198,32.7359
2018-05-20,53.0777,61.6679,64.5879,123.3277,33.5345
2018-05-27,53.7942,57.8269,65.4301,124.6091,33.9871
2018-06-03,56.321,59.118,66.0731,124.201,38.3353
2018-06-10,56.2073,63.357,68.0165,127.8933,39.6061
2018-06-17,57.5253,62.7317,68.8701,128.235,39.3018
2018-06-24,58.0225,61.7491,66.6815,128.4533,36.9209
2018-07-01,56.0327,61.8141,72.3572,125.7197,35.2651
2018-07-08,57.3174,62.3582,69.4512,127.2763,35.0503
2018-07-15,59.7657,63.1134,70.2685,132.3355,35.2293
2018-07-22,59.4412,63.1459,69.8871,133.8257,35.2651
2018-07-29,62.1709,65.0705,69.8236,133.56,33.5913
2018-08-05,61.44,66.1424,71.5035,132.7152,33.7704
2018-08-12,62.152,67.1656,73.3107,132.6298,32.75
2018-08-19,60.3329,67.9555,72.4207,134.3487,32.562
2018-08-26,61.37,71.4499,74.8726,137.077,32.1772
2018-09-02,61.1244,71.6054,74.8272,139.6341,32.2667
2018-09-09,58.4344,72.6201,73.0976,136.1264,30.6867
2018-09-16,58.4537,71.9654,76.0015,140.5372,31.3383
2018-09-23,58.1629,71.4499,77.8767,142.638,31.9627
2018-09-30,59.8977,72.1864,77.1211,142.676,30.4695
2018-10-07,57.9501,69.1667,72.9337,138.1797,30.8768
2018-10-14,55.6034,69.2403,69.1013,133.1415,28.7682
2018-10-21,54.8412,67.1208,67.5538,133.1605,28.2343
2018-10-28,53.7778,67.0554,65.6058,130.9361,29.5465
2018-11-04,53.1695,69.0767,69.7113,132.8753,32.6052
2018-11-11,53.4439,71.1471,69.511,136.8203,32.3066
2018-11-18,53.0097,65.2059,68.0363,133.4904,32.3518
2018-11-25,51.1156,55.6267,65.0778,126.5293,32.5147
2018-12-02,55.063,58.6083,68.5825,134.9474,34.3427
2018-12-09,51.9334,56.0066,66.9574,130.5669,31.7267
2018-12-16,52.1879,55.478,66.2179,128.6433,32.1017
2018-12-23,49.1878,50.4894,66.0718,118.3301,30.1628
2018-12-30,51.9383,53.6527,66.9574,124.6914,31.0225
2019-01-06,53.496,54.8668,68.1534,127.272,30.4829
2019-01-13,52.8211,57.4933,69.4224,131.4716,34.004
2019-01-20,54.9464,58.377,73.4486,131.8906,35.3119
2019-01-27,54.6591,59.7894,73.5947,132.0525,35.3393
2019-02-03,55.5082,58.7817,74.4164,133.4619,35.4674
2019-02-10,54.7023,58.5422,75.1924,133.6809,35.3942
2019-02-17,55.5583,60.161,77.9496,138.2357,35.7509
2019-02-24,55.4059,60.1948,77.3835,139.1515,36.574
2019-03-03,56.9919,60.7696,79.7755,142.5857,36.1533
2019-03-10,57.0638,63.1608,77.6155,140.5633,35.0919
2019-03-17,59.0651,63.8689,79.446,148.2998,35.1658
2019-03-24,59.926,65.252,75.2266,146.0198,33.6602
2019-03-31,58.3996,66.8683,77.0754,148.9961,34.2698
2019-04-07,60.1146,67.4348,78.1646,150.3889,35.9695
2019-04-14,60.6743,67.2598,78.9335,152.2872,36.6807
2019-04-21,61.6042,69.3677,81.6427,152.7833,37.2257
2019-04-28,63.3881,64.2522,80.8281,155.4257,36.653
2019-05-05,59.0278,63.2691,78.4392,154.5767,35.8401
2019-05-12,57.9406,62.186,76.8375,153.308,34.9996
2019-05-19,57.9972,59.5921,77.4049,156.7696,34.1774
2019-05-26,56.5001,68.57,75.1991,155.3843,32.4409
2019-06-02,54.9067,67.6285,70.8058,154.1328,30.7967
2019-06-09,53.0146,73.0086,76.561,162.4638,33.1366
2019-06-16,53.9044,73.7988,76.5885,162.0912,33.2954
2019-06-23,55.8431,73.639,78.7088,165.7025,34.4718
2019-06-30,53.7307,72.8068,77.0566,165.8076,35.9751
2019-07-07,56.2053,74.5133,79.6909,168.7789,35.947
2019-07-14,56.8341,73.5802,81.8021,172.2851,36.61
2019-07-21,56.1498,73.9837,79.4431,171.2438,36.8621
2019-07-28,61.7903,73.1851,80.3518,175.4952,38.0665
2019-08-04,59.3638,68.528,74.4774,169.505,37.1422
2019-08-11,58.9956,69.2762,75.2484,171.0622,36.9834
2019-08-18,58.5147,70.7893,73.688,170.5203,34.5465
2019-08-25,57.2429,87.6679,73.8348,167.6501,33.6688
2019-09-01,59.0765,90.6752,77.7634,172.9983,34.6305
2019-09-08,59.86,93.0556,81.6193,177.7055,36.5637
2019-09-15,61.5328,91.48,80.3586,169.6019,36.6392
2019-09-22,61.0271,90.3618,79.7696,166.5307,35.2343
2019-09-29,60.8341,89.8958,84.9507,166.4733,35.2815
2019-10-06,60.0902,92.4202,85.6502,168.3677,32.9149
2019-10-13,60.326,94.7329,86.3956,169.4009,33.5372
2019-10-20,61.7501,95.563,88.4386,168.1093,34.1029
2019-10-27,62.7371,92.3525,83.6716,170.1568,34.6403
2019-11-03,63.1316,91.3359,82.0703,173.1035,35.8
2019-11-10,64.9552,93.3097,82.6501,171.2283,36.46
2019-11-17,66.1729,95.9019,85.6226,172.2808,34.7818
2019-11-24,64.1945,108.2412,85.8986,171.9933,33.3109
2019-12-01,64.7115,106.5284,86.2621,176.8233,33.9426
2019-12-08,66.4632,106.5454,89.5008,174.5808,33.8695
2019-12-15,66.8344,108.4116,90.2112,177.4271,33.9744
2019-12-22,67.0502,110.0563,92.2319,180.1679,35.4991
2019-12-29,67.2199,110.1074,93.7175,181.5,34.8416
2020-01-05,67.5613,106.3153,94.0404,181.7013,34.6129
2020-01-12,70.9078,106.2898,93.0993,185.6975,33.0214
2020-01-19,73.4167,99.6344,96.4486,196.1722,33.9267
2020-01-26,72.7543,97.4188,94.1419,196.4597,32.6973
2020-02-02,71.0974,94.3681,88.8549,190.6809,31.8206
2020-02-09,73.3964,98.5181,91.7521,194.2938,32.0493
2020-02-16,75.3624,99.3873,95.5352,201.8208,33.1262
2020-02-23,73.6122,100.2696,92.4995,200.4004,33.0214
2020-03-01,66.4563,88.264,82.696,174.4398,29.0664
2020-03-08,64.2972,90.7919,81.7522,176.9351,27.6867
2020-03-15,60.2545,86.5673,69.9279,168.7486,23.8459
2020-03-22,53.0067,83.4652,62.4059,140.9166,17.5056
2020-03-29,55.0933,81.1857,77.0059,155.0534,20.6323
2020-04-05,54.222,79.3262,72.9627,145.7344,17.4091
2020-04-12,59.8724,89.2923,80.2996,166.6948,23.2186
2020-04-19,63.4665,97.1932,83.1863,162.712,21.6938
2020-04-26,63.3474,92.3944,81.7615,160.5814,21.1824
2020-05-03,65.368,92.7457,79.1431,168.4991,20.1691
2020-05-10,68.6937,99.2584,83.6952,177.6357,23.0931
2020-05-17,68.134,103.6373,80.4847,176.3985,21.8386
2020-05-24,70.1278,101.2204,86.7392,183.4836,25.0714
2020-05-31,71.1341,105.3902,91.4346,187.6944,24.9749
2020-06-07,71.4567,104.701,95.2653,191.8955,29.5395
2020-06-14,70.1119,100.7121,89.4405,184.8295,26.9822
2020-06-21,70.6935,103.8653,88.8376,184.7719,25.6601
2020-06-28,67.6119,100.8155,86.8805,181.9551,23.6046
2020-07-05,72.9409,102.6247,91.2955,188.1077,24.3573
2020-07-12,76.3687,102.4007,90.8874,185.1083,23.537
2020-07-19,75.2691,104.8216,89.3013,187.5502,25.525
2020-07-26,74.8404,106.5791,91.2955,187.6078,25.332
2020-08-02,73.835,108.4486,90.5349,183.0414,24.0196
2020-08-09,74.3521,113.5058,94.4769,188.7711,25.7856
2020-08-16,74.6627,117.6238,98.7156,189.3273,26.8857
2020-08-23,78.1829,133.0133,101.795,196.5387,27.5612
2020-08-30,81.3518,130.6064,104.3781,207.6881,28.9702
2020-09-06,78.4628,127.4722,104.4804,197.049,28.9509
2020-09-13,75.215,127.8358,109.6858,193.217,29.3948
2020-09-20,72.006,128.8488,106.5811,195.0753,30.3984
2020-09-27,71.409,133.6367,115.4769,189.9146,27.9858
2020-10-04,72.2298,137.7493,117.717,193.968,29.3948
2020-10-11,74.9515,141.7406,121.7513,198.9554,31.0353
2020-10-18,77.7924,142.7882,118.9812,192.8127,32.2802
2020-10-25,81.0317,138.7276,120.831,190.6463,35.542
2020-11-01,80.1946,131.7925,111.6193,174.9525,33.3224
2020-11-08,87.3213,139.8272,119.8178,191.0892,36.1596
2020-11-15,87.9431,141.022,119.2415,202.964,39.7495
2020-11-22,86.1626,149.8087,123.6103,196.5997,41.5348
2020-11-29,88.6755,156.2946,124.7908,203.4654,43.4842
2020-12-06,90.4986,152.1736,127.7793,205.0854,42.8473
2020-12-13,88.0691,149.2871,127.9842,198.8754,40.454
2020-12-20,85.6585,148.1656,127.8631,203.7643,39.5758
2020-12-27,86.0525,152.3127,131.8868,201.2475,40.1259
2021-01-03,86.9695,153.4777,131.7657,210.9194,40.1838
2021-01-10,89.2119,168.3186,136.311,207.7565,41.5541
2021-01-17,85.7279,169.3619,131.0672,194.3914,48.2225
2021-01-24,93.9126,166.8493,129.7912,194.8061,53.4626
2021-01-31,90.6772,157.5118,124.4263,186.3492,48.9076
2021-02-07,103.6519,164.1975,135.156,201.315,52.5072
2021-02-14,103.9596,166.4319,132.3711,202.7701,51.7255
2021-02-21,103.6509,164.7485,132.278,197.7192,50.7315
2021-02-28,100.3312,160.0543,125.7908,205.1169,49.5349
2021-03-07,104.0608,150.605,124.4561,208.0335,51.8703
2021-03-14,101.7251,157.0616,131.0826,216.677,57.1876
2021-03-21,100.5818,163.6404,128.32,199.8149,57.728
2021-03-28,100.4711,175.3321,124.1202,206.2178,54.5434
2021-04-04,105.6839,175.1314,123.6908,209.4338,55.7786
2021-04-11,112.6752,179.1799,126.4161,214.9,58.0561
2021-04-18,113.2746,181.9632,125.3521,218.6568,56.6568
2021-04-25,114.1271,179.747,121.5069,222.1238,55.5181
2021-05-02,116.7854,180.8377,123.7748,225.5619,55.2189
2021-05-09,116.7075,187.3379,128.6187,224.1713,56.927
2021-05-16,113.0578,184.2405,126.8641,219.4821,54.0416
2021-05-23,113.8393,197.0416,123.8122,219.3177,54.7364
2021-05-30,116.9516,198.6435,127.6154,219.8303,57.2358
2021-06-06,118.7737,202.5128,125.0717,222.5769,61.1539
2021-06-13,120.5914,203.9134,123.3883,227.2385,59.3396
2021-06-20,119.2029,201.8037,120.0871,222.8381,56.7051
2021-06-27,121.5823,210.5751,144.3458,229.521,58.1912
2021-07-04,124.3105,215.8537,149.3865,230.7879,56.8981
2021-07-11,124.5696,217.6045,150.5648,230.6332,56.7051
2021-07-18,126.0101,219.8543,149.4894,239.9661,53.5205
2021-07-25,132.0094,228.5031,155.5774,240.8365,53.0187
2021-08-01,133.7079,228.5206,156.6529,238.2929,54.8522
2021-08-08,134.7123,227.6802,161.6,233.4669,53.1248
2021-08-15,136.6863,228.9496,160.562,225.3151,51.7738
2021-08-22,136.3905,222.6079,156.9147,224.0658,47.0934
2021-08-29,142.9153,218.9007,156.9755,225.3538,48.0584
2021-09-05,142.6528,214.6224,152.957,218.0128,47.1127
2021-09-12,139.811,214.8245,153.238,217.8191,47.7593
2021-09-19,139.7355,216.6957,146.5217,214.7587,49.5349
2021-09-26,141.1398,212.1012,140.1239,224.2885,50.4034
2021-10-03,135.5107,200.6633,137.754,223.1941,51.272
2021-10-10,138.7287,201.085,142.8311,223.0101,56.5217
2021-10-17,140.2992,215.8523,148.0111,223.7074,55.9717
2021-10-24,136.5265,224.8304,153.135,223.9399,55.7497
2021-10-31,146.9268,228.072,156.7039,205.0934,52.5265
2021-11-07,147.7267,223.3721,166.2772,209.8389,56.4735
2021-11-14,147.554,228.4234,158.39,205.7606,61.1828
2021-11-21,147.8006,220.98,163.8136,194.8658,59.6388
2021-11-28,141.1081,217.3396,157.3877,191.7516,58.0658
2021-12-05,140.9279,218.2211,159.7529,190.4612,57.6218
2021-12-12,146.8826,209.9442,158.6456,207.0315,60.9994
2021-12-19,140.6535,196.8371,151.4199,205.5569,53.231
2021-12-26,145.8058,194.8097,155.4644,210.1554,54.9198
2022-01-02,143.7569,204.0033,156.4028,210.2427,56.5796
2022-01-09,135.9811,203.4215,147.3004,210.4853,60.0923
2022-01-16,138.426,195.1535,139.0518,208.2636,58.9632
2022-01-23,129.366,191.4955,134.144,199.7845,51.4167
2022-01-30,132.3428,191.8657,136.9217,221.1958,48.483
2022-02-06,142.2097,188.666,136.4337,221.5742,49.4963
2022-02-13,133.2673,186.48,131.5447,218.347,47.1223
2022-02-20,129.4171,180.9426,134.144,216.4034,46.9004
2022-02-27,133.443,176.3657,130.2497,213.08,45.7713
2022-03-06,130.9093,198.3915,123.3853,194.6358,40.9172
2022-03-13,128.8887,183.2266,115.3433,191.1568,40.0583
2022-03-20,135.0964,200.1178,123.4417,212.9245,43.2526
2022-03-27,140.6019,193.5313,125.7555,212.2637,42.1235
2022-04-03,139.0909,186.3871,125.5862,219.9698,41.4576
2022-04-10,132.2798,206.5715,120.5353,210.8546,37.9739
2022-04-17,125.7719,209.9887,125.5298,206.7829,38.7266
2022-04-24,118.731,213.9547,121.4007,202.2933,38.4467
2022-05-01,113.2468,202.4195,117.2903,207.1133,36.5842
2022-05-08,114.8714,199.3742,107.687,197.0944,38.1958
2022-05-15,115.1731,194.5228,106.2949,193.98,36.8737
2022-05-22,108.0846,138.1123,101.5826,193.7853,34.162
2022-05-29,111.4674,148.5845,109.0979,207.2703,37.2211
2022-06-05,113.6751,143.1617,114.05,207.0464,36.2947
2022-06-12,110.3211,133.054,108.1849,194.2526,33.7856
2022-06-19,106.3335,123.8352,101.2165,185.003,30.7651
2022-06-26,117.0831,133.7207,106.4687,200.0945,33.6023
2022-07-03,107.9154,126.5733,95.4079,193.9313,31.0643
2022-07-10,118.4512,131.5605,101.7728,198.2056,31.1801
2022-07-17,110.9324,130.387,98.7271,204.5051,31.7205
2022-07-24,107.0843,140.228,102.8949,208.0687,33.4575
2022-07-31,115.4406,145.2419,108.364,206.5206,34.9919
2022-08-07,116.5819,147.6866,107.3739,210.1815,34.7989
2022-08-14,120.7601,153.3316,109.4484,206.1267,38.0993
2022-08-21,116.3239,149.3856,106.7044,207.58,38.3116
2022-08-28,109.5058,143.6441,102.1028,197.8945,37.8581
2022-09-04,107.0346,147.2035,99.9953,192.8908,37.21
2022-09-11,109.8135,155.297,104.9412,200.1476,39.9377
2022-09-18,102.0228,146.7474,98.4633,188.5406,38.6609
2022-09-25,97.9935,136.4807,91.7491,179.4306,34.318
2022-10-02,94.9269,132.7067,78.6042,173.276,31.039
2022-10-09,97.934,136.2392,82.4247,179.3038,32.5189
2022-10-16,95.83,130.2921,82.7936,178.1236,31.8128
2022-10-23,100.3654,142.3653,83.6919,185.6828,33.8537
2022-10-30,95.562,149.8149,88.7324,204.1857,37.5776
2022-11-06,85.9254,142.7588,90.5859,192.13,37.7227
2022-11-13,95.6811,155.0019,100.3263,200.4165,39.7732
2022-11-20,96.6934,146.5442,99.6927,206.0868,38.4675
2022-11-27,96.7232,146.9941,100.2034,209.01,39.1349
2022-12-04,99.6807,147.6959,106.4259,212.7935,38.6791
2022-12-11,92.1282,137.0074,103.789,204.0338,37.1087
2022-12-18,89.5776,131.7621,100.4975,202.2643,35.0439
2022-12-25,88.5554,128.793,110.2675,201.228,32.7948
2023-01-01,87.563,134.0923,110.9884,203.1148,32.6107
2023-01-08,86.6797,144.088,118.1214,212.8815,34.8112
2023-01-15,91.4236,148.0917,122.219,218.0727,35.3928
2023-01-22,97.279,145.9414,120.1038,219.2948,34.2683
2023-01-29,98.6187,151.6096,120.967,226.2654,36.7888
2023-02-05,103.9878,159.0322,121.0429,224.9847,39.8715
2023-02-12,93.855,152.9682,115.9397,222.556,40.0847
2023-02-19,93.6367,156.8305,118.4154,218.9904,41.849
2023-02-26,88.4562,151.1628,111.9654,215.0623,37.9811
2023-03-05,92.942,150.2937,115.0386,219.1961,39.8457
2023-03-12,89.9448,143.2136,111.757,211.7221,35.4831
2023-03-19,100.8517,144.2819,114.5155,212.9465,32.4323
2023-03-26,104.6429,141.439,114.8198,216.5219,32.7529
2023-04-02,102.9458,149.9587,116.6557,220.8515,35.6386
2023-04-09,107.6003,149.9134,114.3537,221.3707,33.6079
2023-04-16,108.0469,145.7667,119.8041,229.2366,33.5108
2023-04-23,104.6131,146.8351,119.4046,229.266,32.5975
2023-04-30,106.5285,142.8243,120.5366,227.9729,32.1019
2023-05-07,104.7719,141.5114,120.4129,227.0424,32.3157
2023-05-14,116.6216,143.0415,114.3442,227.092,31.4801
2023-05-21,121.8319,138.8208,109.1602,228.9863,31.7327
2023-05-28,123.6679,126.6507,102.2639,220.8401,32.3448
2023-06-04,123.7275,121.4454,102.8442,224.55,33.3975
2023-06-11,121.3059,115.766,101.0121,219.417,35.2973
2023-06-18,122.5961,121.9832,108.3881,224.6678,36.9828
2023-06-25,121.4151,120.1782,104.5045,225.296,35.2486
2023-07-02,118.7951,120.242,105.3156,233.079,37.5673
2023-07-09,118.5767,118.5556,99.6762,232.0681,38.5903
2023-07-16,124.4718,119.3487,103.0064,238.6537,38.9703
2023-07-23,119.1126,122.2294,104.0656,234.8162,37.5576
2023-07-30,131.5777,123.0681,103.6457,231.3811,37.0705
2023-08-06,127.1415,120.8164,103.827,234.561,35.6286
2023-08-13,128.5805,119.4672,103.14,236.033,33.0176
2023-08-20,126.4964,120.6652,100.0102,234.1942,32.2674
2023-08-27,128.8981,112.0023,94.3136,238.5208,32.1018
2023-09-03,134.6344,115.4325,97.9968,243.9683,32.7643
2023-09-10,135.3489,113.7496,93.5067,243.162,32.188
2023-09-17,136.3612,113.161,92.1568,237.0458,33.1648
2023-09-24,129.2653,103.5508,86.9774,231.1558,31.8265
2023-10-01,129.8707,101.684,91.5441,226.1704,32.2075
2023-10-08,136.5399,96.5708,92.9706,231.1165,30.1854
2023-10-15,136.3215,102.9806,95.6513,233.7026,28.9741
2023-10-22,134.5748,100.0838,98.2936,229.4842,28.9741
2023-10-29,121.2464,98.6124,93.8035,225.4428,26.5905
2023-11-05,128.124,103.7807,102.4965,239.5336,29.0815
2023-11-12,131.5876,99.624,101.587,241.6702,26.229
2023-11-19,134.287,120.6373,101.4434,245.9172,27.3818
2023-11-26,135.6566,122.0954,103.0518,250.5881,27.5283
2023-12-03,130.8631,125.1789,108.997,252.7067,31.7016
2023-12-10,133.9695,125.5597,111.3311,252.007,33.0634
2023-12-17,131.5975,128.5132,116.7482,254.2636,35.0031
2023-12-24,140.4203,130.2129,103.772,254.6578,35.2872
2023-12-31,138.6339,132.2747,104.281,256.5497,35.1892
2024-01-07,134.7039,130.7237,98.0474,255.8994,35.2578
2024-01-14,141.5715,130.8723,100.9097,260.314,34.5426
2024-01-21,145.2733,128.2996,97.7592,266.9458,34.7876
2024-01-28,151.0345,132.3769,98.6909,264.029,34.4643
2024-02-04,141.3036,135.126,96.7315,273.1341,38.1184
2024-02-11,147.8735,136.0919,100.3718,272.9087,37.7755
2024-02-18,139.4576,138.9525,99.4209,275.0115,37.9127
2024-02-25,142.8716,141.7218,101.4572,279.9873,38.8237
2024-03-03,136.1032,145.2864,98.2107,279.5529,40.2737
2024-03-10,134.3863,158.7868,95.5886,276.4727,38.8097
2024-03-17,140.1127,153.6411,96.0514,279.4344,39.9789
2024-03-24,149.6302,157.767,90.4795,279.6516,42.3075
2024-03-31,149.7889,165.7943,90.5952,275.5249,44.5575
2024-04-07,151.3471,160.7047,85.6403,273.6096,43.457
2024-04-14,156.5375,155.4187,88.6865,272.4446,42.3271
2024-04-21,152.9251,157.4583,91.1254,266.3434,41.6295
2024-04-28,170.65,154.1276,90.7302,271.023,45.0389
2024-05-05,165.9756,147.8592,88.8311,265.0698,44.076
2024-05-12,167.375,152.6213,87.6647,277.1637,44.4199
2024-05-19,174.729,150.8513,88.86,277.0458,44.9603
2024-05-26,173.667,136.8147,88.4455,271.4969,43.3391
2024-06-02,171.1959,147.1113,91.6267,269.4891,44.2038
2024-06-09,173.1411,137.5401,93.4374,275.6313,45.0389
2024-06-16,175.6539,132.9805,90.3793,267.7087,46.0733
2024-06-23,178.4757,137.6625,94.0471,272.219,47.0091
2024-06-30,180.9795,139.4618,72.9402,259.608,45.7679
2024-07-07,189.3752,137.2103,72.9983,267.412,45.827
2024-07-14,183.8807,143.9931,71.0531,262.8423,48.2799
2024-07-21,176.5184,141.0539,70.3563,262.5654,47.5805
2024-07-28,165.9269,140.3662,70.2208,256.6308,43.4627
2024-08-04,165.589,131.1058,71.6241,263.6732,40.5567
2024-08-11,162.6183,127.6485,71.9434,257.4419,42.8323
2024-08-18,161.9128,135.6936,80.5469,264.9939,44.6449
2024-08-25,164.5557,150.3659,81.3404,265.0533,47.8464
2024-09-01,162.3301,145.7363,80.634,273.9036,49.0384
2024-09-08,149.9502,143.5164,78.3857,276.8769,46.556
2024-09-15,156.6586,143.5923,76.8108,284.7857,45.7264
2024-09-22,162.7574,146.8083,84.1118,282.2287,48.2744
2024-09-29,163.1155,147.2163,86.9505,272.7144,45.9041
2024-10-06,166.2097,145.0343,79.9606,275.4497,45.1141
2024-10-13,162.4092,150.3279,79.8634,275.3605,47.2769
2024-10-20,162.5882,148.7911,80.612,288.0265,48.5707
2024-10-27,164.4288,143.4026,76.6552,279.2158,51.4249
2024-11-03,170.4182,143.099,75.8872,288.1454,50.3286
2024-11-10,177.4422,142.0934,73.7679,305.1225,54.8914
2024-11-17,171.6121,144.3228,74.5262,307.4611,56.3333
2024-11-24,163.9214,119.6858,75.2456,307.7391,57.8048
2024-12-01,168.0901,126.6749,76.5775,312.8628,54.9013
2024-12-08,173.8208,126.7515,77.082,308.8214,52.8668
2024-12-15,189.0692,128.7908,75.4796,312.5252,51.9957
2024-12-22,190.653,125.8802,75.1767,315.4743,51.2831
2024-12-29,191.9976,129.729,74.6686,316.4176,53.7279
2025-01-05,191.0315,130.0067,71.6299,312.694,51.2435
2025-01-12,191.2805,135.5884,69.5683,305.5447,49.343
2025-01-19,195.2248,127.9195,69.2165,317.3708,50.4516
2025-01-26,199.4181,132.0172,71.8839,327.8764,53.3617
2025-02-02,203.2131,132.0364,75.1376,339.3948,48.957
2025-02-09,184.607,125.7558,67.106,345.571,46.908
2025-02-16,184.4974,123.5091,71.3661,351.9113,47.8781
2025-02-23,178.9494,120.0225,74.7468,346.6596,45.8192
2025-03-02,169.6065,119.9935,77.6096,360.7635,48.6303
2025-03-09,173.1724,111.1466,77.1806,343.4668,47.0763
2025-03-16,165.0342,101.1214,70.3749,330.0194,47.9694
2025-03-23,163.5384,100.5032,66.7216,333.8587,49.4182
2025-03-30,153.905,100.1072,62.155,341.0101,46.3221
2025-04-06,145.199,92.4483,56.2233,311.4496,43.8413
2025-04-13,156.7072,89.6088,53.4146,331.6108,43.2955
2025-04-20,150.7437,89.9275,54.76,327.8411,44.2283
2025-04-27,161.5139,93.2789,56.5867,333.3713,46.7488
2025-05-04,163.5782,94.0419,57.5393,345.7346,44.9527
2025-05-11,152.3293,93.105,57.2545,350.6481,47.1358
2025-05-18,165.7323,96.33,61.9782,363.7622,49.9838
2025-05-25,168.006,92.1379,58.9436,352.2253,48.3167
2025-06-01,171.267,91.8643,59.5034,363.8319,49.2297
2025-06-08,173.2017,95.0987,62.0745,368.8432,47.2549
2025-06-15,174.3967,93.1932,59.8307,351.5378,48.4296
2025-06-22,166.3792,93.3593,59.0992,337.3109,47.9816
2025-06-29,178.2506,96.9651,71.2077,347.3136,49.4549
2025-07-06,179.2491,101.6849,75.5075,357.5255,52.6504
2025-07-13,179.908,101.8608,71.7909,346.6361,53.1481
2025-07-20,184.7704,101.0986,71.6327,347.752,52.9789
2025-07-27,192.8777,103.6295,75.3888,355.7122,53.158
2025-08-03,188.834,97.4928,73.7579,338.088,52.292
2025-08-10,201.1048,102.9943,73.3329,335.5276,53.2875
2025-08-17,203.5809,101.7579,76.0808,343.7903,56.0549
2025-08-24,205.7675,98.0242,77.4745,349.3493,58.1055
2025-08-31,212.5768,94.8041,76.4761,351.0859,58.3245
2025-09-07,234.6323,92.0285,73.4495,342.5428,58.1553
2025-09-14,240.6389,88.8579,72.5451,338.7602,58.3848
2025-09-21,254.5496,87.0503,70.4483,340.9359,58.8639
2025-09-28,246.3751,86.7737,68.8781,336.7043,61.1194
2025-10-05,245.1859,87.9393,71.4818,349.1497,60.0116
2025-10-12,236.4117,84.4821,64.8136,342.9719,55.241
2025-10-19,253.1306,89.7271,66.9502,341.2154,58.2651
2025-10-26,259.7461,93.1052,68.6794,346.6945,69.5229
2025-11-02,281.0019,91.584,64.1875,340.0677,68.954
2025-11-09,278.6435,90.1222,60.7093,335.357,70.6107
2025-11-16,276.2251,89.9,63.7702,330.02,70.3812
2025-11-23,299.4595,87.62,62.4087,327.98,70.1916
2025-11-30,319.9658,90.62,64.2273,334.44,73.3753
2025-12-07,321.0551,92.19,65.86,331.24,76.05
2025-12-14,309.29,97.09,67.47,347.83,80.89
2025-12-21,307.16,98.01,58.71,349.25,82.35
2025-12-28,313.51,99.55,60.93,355.0,83.06
2026-01-04,315.15,100.51,63.28,346.48,80.98
2026-01-11,328.57,105.52,65.92,349.77,82.87
2026-01-18,330.0,111.28,64.38,328.3,80.82
2026-01-25,327.93,108.1,65.04,326.18,79.68
2026-02-01,338.0,105.47,61.81,321.83,84.0
